Артикул,Наименование,Цена
3500750,Средство для мытья посуды Fairy Сочный лимон 450мл,134.99
3917294,Средство для мытья посуды Fairy для детской посуды 450мл,129.99
3682367,Средство для мытья посуды Synergetic Алоэ 500мл,149.99
3501028,Средство для мытья посуды Fairy Нежные руки ромашка и витамин Е 900мл,249.99
3501031,Средство для мытья посуды Fairy Нежные руки Чайное дерево и мята 450мл,134.99
3501026,Средство для мытья посуды Fairy Cочный лимон 900мл,249.99
4254176,Средство Econta для мытья посуды 450мл,72.99
3963807,Средство для мытья посуды Synergetic алоэ биоразлагаемое 1л,259.99
3673538,Средство для мытья посуды Fairy Pure&Clean 450мл,169.99
4230115,Средство Sanita Грейпфрут и мята для мытья посуды универсальное 450г,134.99
3501662,Средство для мытья посуды Synergetic лимон концентрированное биоразлагающееся 500мл,239.99
4271952,Средство Sanita Огурец и лемонграсс для мытья посуды универсальное 900г,239.99
4367679,Средство для мытья посуды Peros жидкое моющее Яблоко 500мл,89.99
4327478,Средство Сомат Все в 1 Экстра для мытья посуды в посудомоечных машинах 900г,935.99
4377623,Средство для мытья посуды Lamm Пион и алоэ вера 450мл,139.99
4200926,Средство для мытья посуды Haus Herz Сочный лимон 450мл,129.99
3450320,Губки Econta Mini для мытья посуды 5шт.,20.99
3948578,Губки Liberhaus для мытья посуды 2шт.,51.99
4375298,Губки Liberhaus для мытья посуды 5шт.,41.99
3669210,Бальзам AOS для мытья посуды 450г,259.99
3669213,Бальзам  Sorti с алоэ вера для мытья посуды 450г,119.99
4000999,Губки для мытья посуды Liberhaus металлические 2шт,51.99
3679975,Бальзам AOS для мытья посуды алоэ вера 900г,249.99
4182593,Губки Liberhaus хозяйственные для мытья посуды 6шт.,59.99
3411155,Средство Econta для мытья стекол и зеркал 500мл,61.99
4363803,Гель Oxi-lab Professional для мытья посуды 450мл,84.99
4363804,Гель Oxi-lab Professional для мытья посуды 900мл,199.99
3389350,Губки для посуды Econta 5шт.,82.99
4034943,"Набор одноразовой посуды Liberhaus Вилка, ложка, нож, салфетка в ассортименте 1шт",20.99
3450422,Набор одноразовой посуды Econta на 6 персон белый,99.99
3657212,"Шампунь-бальзам Чистая Линия Мицеллярный для частого мытья хлопковое молочко 2в1, 400мл",199.99
3413434,Средство чистящее Sanfor Белизна 3в1 многофункциональное 700г,135.99
4067597,Средство Grass Azelit чистящее 600мл,187.99
94650,Моющее средство Mr.Proper Классический Лимон 500мл,135.99
2050923,Средство чистящее Санокс для сантехники 750г,93.99
3956844,Средство чистящее Domestos свежесть Атлантики универсальное 750мл,149.99
4379433,Ополаскиватель Finish Блеск и защита для посуды в посудомоечных машинах 750мл,399.99
3922104,Средство для стирки Лоск Color 1.3л,349.99
4067598,Средство Grass Gloss чистящее для ванной комнаты 600мл,207.99
4233069,Средство Sanfor Chlorum санитарно-гигиеническое 700г,99.99
3431900,Средство чистящее Econta для сливного бака таблетка 2шт,51.99
3956853,Чистящее средство для туалета Доместос Ультра белый Антибактериальный эффект 750мл,149.99
4112078,Средство КротТурбо для чистки канализационных труб гель 1кг,159.99
3415703,Средство чистящее Бреф Сила-Актив Лимонная свежесть для унитаза 2х50г,199.99
4326910,Средство Mr. Muscle Утренняя роса для стекол и поверхностей 530мл,207.99
3956845,Средство чистящее Domestos лимонная свежесть универсальное 750мл,149.99
4059002,Средство чистящее Бреф Сила-Актив Океанский бриз и Лимонная свежесть для унитаза 4х50г,332.99
3370162,Средство для снятия лака Econta без ацетона 100мл,61.99
3197972,Средство Sanfor 5 минут для устранения засоров 750мл,155.99
3690082,Средство чистящее Туалетный Утенок супер сила видимый эффект для унитаза 500мл,155.99
3923580,Средство для стирки Лоск Горное Озеро жидкое 1.3л,529.99
3677559,Средство Bagi Шуманит для устранения засоров 70г,93.99
4241065,Средство для пола Econta 1л,72.99
3624480,Средство для купания и шампунь Honey Kid 2в1 750мл,279.99
4350056,Средство чистящее  Бреф Цветная Вода Цветочная свежесть для унитаза 50г,135.99
3690084,Средство чистящее Туалетный Утенок супер сила видимый эффект для унитаза 900мл,207.99
3188099,Средство чистящее Туалетный Утенок Стикер чистоты Цитрус для унитаза 3шт.,103.99
4287360,Средство Чистин Аромат Сирени чистящее 400г,61.99
4239491,Средство Econta чистящее для унитаза 750мл,82.99
4270200,Средство Dr.Aktiv чистящее для удаления жира нагара копоти 500мл,103.99
4270201,Средство Dr.Aktiv чистящее для удаления налета известковых отложений ржавчины 500мл,155.99
3481051,Моющее средство Mr.Proper Свежесть Ambi Pur Лавандовое спокойствие 1л,233.99
3196350,Средство Адрилан 5в1 чистящее для сантехники 500мл,79.99
4125605,Средство Cillit Bang Чистящее Антиналет + Блеск 450мл,299.99
4251241,Средство Grass Azelit Spray для стеклокерамики чистящее для кухни 600мл,199.99
4199243,Средство Lamm Aroma для стирки в капсулах 12х15г,359.99
4291065,Средство Доместос Цветущая Магнолия чистящее универсальное 750мл,207.99
2038351,Средство моющее Cillit Bang АнтиНалет + Блеск 750мл,369.59
3633821,Средство чистящее Бреф Сила-Актив для унитаза 3х50г,279.99
4368832,Средство чистящее Alberto flush Лайм-лимон для унитаза 3х50г,228.99
3328055,Средство Nivea Двойной эффект для снятия макияжа с глаз 125мл,339.99
2129487,Чистящее средство Vanish для ковров 450мл,349.99
2162250,Средство чистящее Cillit Налет и ржавчина 450мл,228.99
4125842,Средство Calgon 3в1 для смягчения воды и предотвращения образования известкового налета 400г,296.99
4200609,Средство чистящее Туалетный утенок Суперсила антиналет для унитаза 900мл,199.99
4220163,Средство Mosquitall Антикомариная спираль инсектицидное 10шт.,189.99
4350055,Средство чистящее Бреф Цветная Вода для унитаза 50г,129.99
4125607,Средство Cilit Bang Антижир и сияние 450мл,239.99
3001460,Средство от накипи Чистолан 250г,60.99
4304328,Средство Gardex Бэби Аэрозоль от комаров и клещей акарицидно-репеллентное 150мл,552.99
4281838,"Средство желирующее Dr.Bakers Желфикс 2:1 для варенья, джемов и желе 25г",69.99
4086448,Средство Domestos для устранения засора в трубах 750мл,339.99
4378425,Средство чистящее Бреф Ароматы спа Роскошь для унитаза 2x50г,259.99
3331358,Средство Seasons прибор и жидкость 30 ночей против комаров,119.99
